Dom√≠nio,Acessos
blog.confiancaportasdeaco.com.br,None
blog.aquecedoresboanova.com.br,None
blog.unisullogistica.com.br,15
blog.ihsmed.com.br,17
blog.flareengenharia.com.br,8
blog.steltecnologia.com.br,15
blog.elildocarvalho.com.br,10
blog.anjosparceirosdavida.com.br,32
blog.cncgestaoocupacional.com.br,11
blog.novoconceitoservice.com.br,8
blog.minasrioconservadora.com.br,26
blog.ccalengenharia.com,3
blog.americaprotendida.com.br,22
blog.fnm-filtrans.com.br,6
blog.rcemporiodospisos.com.br,58
blog.sintaarquitetura.com.br,12
blog.uniclean.com.br,13
blog.mksnobreak.com.br,13
blog.tecnodry.com.br,13
blog.prosegonline.com.br,19
blog.cimentpav.com.br,281
blog.imavel.com.br,37
blog.msgeradores.com.br,6
blog.dgtadm.com.br,41
blog.forthelux.com.br,None
blog.ancoraservicos.com,23
blog.mtechar.com.br,1
blog.projinox.ind.br,None
blog.ceadobrasil.com.br,62
blog.pisoart.com.br,5
blog.preventivarefrigeracao.com.br,4
blog.comdominium.com.br,3
blog.dtorre.com,7
blog.stormedick.com.br,3
blog.tscabos.com.br,3
blog.ibrbrasil.ind.br,56
blog.silverchemical.com.br,22
blog.romapvc.com.br,20
blog.labmetalvale.com.br,19
blog.jpgrafica.art.br,10
blog.europanbrasil.com.br,3
blog.fibrasil.net,4
blog.authenticgas.com.br,6
blog.alertyservicos.com,4
blog.homeattend.com.br,37
blog.hevelynestetica.com.br,34
blog.engestab.com.br,37
blog.re9-rs.com.br,3
blog.ldleletrica.com.br,None
blog.sagramor.com.br,16
blog.rgmservice.com.br,5
blog.seseguranca.com.br,9
blog.balancasmodelo.com.br,None
blog.consultoriaambiental.com.br,28
blog.salusterceirizacao.com.br,3
blog.grupogrigoletto.com.br,253
blog.tecmontmanutencoes.com.br,14
blog.tectalmaq.com.br,6
blog.telhasbarreiro.com.br,71
blog.urbanengenharia.com.br,None
blog.acquaville.com.br,108
blog.ohmica.com.br,3
blog.belacop.com.br,6
blog.fkrevestimentos.com.br,14
blog.elegraz.com.br,7
blog.acquality.com.br,138
blog.sprayprocess.com.br,25
blog.rbaempilhadeiras.com.br,1
blog.valicon.com.br,1
blog.delaviusinagem.com.br,27
blog.dwin.com.br,11
blog.elevadoresgoiania.com.br,43
blog.clinicaquerubim.com.br,106
blog.salutcare.com.br,11
blog.fenixcondominios.com.br,8
blog.rctransportes.com.br,8
blog.multiservice.tec.br,84
blog.greatpets.com.br,45
blog.cpexcert.com.br,36
blog.dipengenharia.com.br,5
blog.ayuso.com.br,11
blog.udisafe.com.br,32
blog.beljon.com.br,6
blog.cvllaser.com.br,28
blog.alaskasorvetes.com.br,38
blog.deltanetossv.com.br,24
blog.tecnolacre.com.br,11
blog.casadegessomagalhaes.com.br,15
blog.sesbrasil.com.br,5
blog.mustangextintores.com.br,5
blog.kw-keyword.com.br,2
blog.bioblue.biosolvit.com,22
blog.gmaq.com.br,None
blog.tlmlavanderiaindustrial.com.br,14
blog.targetlaser.com.br,63
blog.deltaaut.com,2
blog.morettomt.com.br,6
blog.alcemircabeleireiros.com.br,11
blog.cerneambientalsc.com.br,4
blog.jetta.com.br,7
blog.alllift.com.br,51
blog.netmetal.com.br,3
blog.fercaljba.com.br,5
blog.solosolar.com.br,6
blog.procooler.ind.br,12
blog.lumeneletrica.com.br,9
blog.aindustrial.com.br,2
blog.peixepeixinho.com.br,None
blog.paradisetendas.com,1
blog.jajsolucoeseletricas.com.br,4
blog.plenavisao.net,49
blog.alumixbr.com.br,61
blog.aut4u.com.br,17
blog.lhinstalacoes.com.br,None
blog.locatolasers.com.br,315
blog.teccook.com.br,17
blog.topteambrasil.com.br,40
blog.3gengenharia.eng.br,7
blog.cuidarhomecare.net.br,35
blog.kaiseresquadrias.com.br,14
blog.thermotemp.ind.br,17
blog.elloslz.com.br,None
blog.kthatransportes.com.br,24
blog.v2vistorias.com.br,38
blog.despachanteprime.com.br,12
blog.florestaljardinagem.com.br,13
blog.sertel.ind.br,17
blog.standart.eng.br,1
blog.acfinstrumental.com.br,91
blog.indianapolis.com.br,22
blog.energycold.com.br,1
blog.futuraprojetoseconstrucoes.com.br,40
blog.tmhvistoria.com.br,56
blog.fammamedicina.com.br,11
blog.soluteck.com.br,20
blog.doaltoelevadores.com.br,17
blog.vidrolight.com.br,None
blog.agilcontabilidade.com.br,31
blog.predialelevadores.com.br,7
blog.hidraupac.com.br,4
blog.wtechpr.com.br,2
blog.supridatta.com.br,10
blog.agroadventure.com.br,9
blog.cortedobraseguranca.com.br,1
blog.7steel.com.br,77
blog.vidrart.com.br,6
blog.acee.com.br,19
blog.jrequipamentosmedicos.com.br,17
blog.rmartefatosdeconcreto.com.br,67
blog.transhelp.com.br,31
blog.rsbiotecnologia.com.br,46
blog.odvix.com.br,2
blog.vidracariastilo.com.br,19
blog.bwautomacao.com.br,7
blog.topdental.com.br,13
blog.stiloseguranca.com.br,20
blog.baviplast.com.br,32
portalspda.com.br,3
blog.apolloeletrica.com.br,25
blog.3dacrilicos.com.br,15
blog.vipsolucoesindustriais.com.br,6
blog.tecnomontagens.com,4
blog.rptecnologiasp.com.br,21
blog.oxicortenalessio.com.br,4
blog.eletropainer.com.br,6
blog.sesmtbrasilsp.com.br,30
blog.sacosvalvulados.ind.br,7
blog.paintglass.com.br,135
blog.protege.med.br,29
blog.dpportas.com,29
blog.mastersoldas.net,24
blog.realscembalagens.com.br,12
blog.fabristeel.com.br,16
blog.integracaosaudeocupacional.com.br,19
blog.pidindustrial.com.br,5
blog.seguraass.com.br,7
portal.reconlog.com.br,13
blog.andregomes-eng.com.br,15
blog.empitruck.com.br,16
blog.jtesta.com.br,39
blog.levitaengenharia.com.br,12
blog.cromadoralondrinense.com.br,42
blog.dutosengenharia.com.br,21
blog.msengenhariaemanutencao.com.br,20
blog.eurotemp.com.br,19
portal.atriumetal.com.br,15
blog.metodosorocaba.com.br,27
blog.soldmak.com.br,14
blog.encadprojetos.com.br,20
blog.mecatronsti.com.br,24
blog.vanitylease.com.br,73
blog.acelumix.com.br,24
portal.safesst.com.br,None
blog.cfsistemas.com.br,21
blog.matrizeletricidade.com.br,5
blog.angstromengenharia.com.br,14
blog.grupoteles.com.br,None
blog.labnova.com.br,5
blog.meccah.com.br,None
blog.cartonagemfernandez.com.br,22
blog.cdconsultoria.net,10
blog.frioservrefrigeracao.com.br,27
blog.clxcontabil.com,9
blog.bn3.com.br,7
blog.bellvercontabilidade.com.br,5
blog.engenhariasep.com.br,39
blog.idealtecautomacao.com.br,11
blog.abrakichaveiro.com.br,13
blog.preventfireltda.com.br,25
blog.upwa.com.br,9
blog.uniarc.com.br,8
blog.evoluma.com.br,None
blog.eletrisil.com.br,5
blog.elemar.com.br,119
blog.adonex.com.br,6
blog.astecutilidades.com.br,23
blog.aorp.com.br,9
blog.etecpro.com.br,37
blog.energiamais.com.br,14
blog.vilsonprotecaoradiologica.com.br,134
blog.confriar.com.br,9
blog.grupoexamed.com.br,31
blog.rndivisorias.com.br,68
blog.insetbomrj.com.br,227
blog.aguiar.ind.br,33
blog.easy2work.com.br,13
blog.endomarcas.com.br,32
blog.levtop.com.br,12
blog.juntax.com.br,37
blog.ampeng.com.br,469
blog.autocentercastello.com.br,588
blog.engeotec.eng.br,34
blog.metalfam.com.br,32
blog.rkita.com.br,14
blog.riobento.com.br,13
blog.sweetco.com.br,25
blog.gruporodriguez.com.br,61
blog.medialservice.com.br,64
blog.porto-ppa.com.br,31
blog.tenge.ind.br,8
blog.avtecengenharia.com.br,23
blog.djautomacao.com.br,17
blog.pcapreditiva.com.br,6
blog.acta33.com.br,7
blog.vezzaengenharia.com.br,8
blog.oficinajardim.com.br,3
blog.nsconsultoreseservicos.com.br,1
blog.echamas.com.br,16
blog.noin.com.br,4
blog.invictalocacaodemaquinas.com,39
blog.checkmatvistorias.com.br,6
blog.cronusprojetos.eng.br,4
blog.koyanosoldas.com.br,1
blog.ambienty.com.br,6
blog.disimsolucoes.com.br,20
blog.mmolina.com.br,7
blog.iluminacaoconceito.com.br,5
blog.magniengenharia.com.br,8
blog.rwcell.com.br,1
blog.jcc.com.br,45
blog.prosegpa.com.br,10
blog.fernandesequipamentos.com.br,12
blog.premiumeletrica.com.br,6
blog.avrella.com.br,15
blog.amplusaude.com,15
blog.prosseg.com.br,8
blog.prosetec.com.br,17
blog.engefarm.com.br,10
blog.jcfirewall.com,7
blog.proreng.com.br,17
blog.respitec.com.br,165
blog.manutencaoesuprimentos.com.br,6
